Statistical Analysis,P Values
Small Vs Large,0.002208202955805853
Small Vs Medium,0.008732217169154764
Medium Vs Large,0.001404806456934051
