Statistical Analysis,P Values
Group Anova Test,1.4869680934601836e-06
Legal vs Illegal,0.09575809009850729
Legal vs Somewhat Legal,0.3764365319508593
Legal vs Not Mentioned,0.00020545241375793504
