Statistical Analysis,P Values
Group Anova Test,0.0006079889993435002
Legal vs Illegal,0.08780318220676525
Legal vs Somewhat Legal,0.3356513269048496
Legal vs Not Mentioned,0.00595399582472255
