Statistical Analysis,P Values
Group Anova Test,0.0010162931539395125
Legal vs Illegal,0.09575809009850729
Legal vs Somewhat Legal,0.3764365319508593
Legal vs Not Mentioned,0.0063900526691304735
